<?xml version="1.0" encoding="UTF-8"?>
<project xmlns="http://www.netbeans.org/ns/project/1">
    <type>org.netbeans.modules.ant.freeform</type>
    <configuration>
        <general-data xmlns="http://www.netbeans.org/ns/freeform-project/1">
            <!-- Do not use Project Properties customizer when editing this file manually. -->
            <name>VacationPlanner</name>
            <properties/>
            <folders>
                <source-folder>
                    <label>src</label>
                    <type>java</type>
                    <location>src</location>
                </source-folder>
                <source-folder>
                    <label>test</label>
                    <type>java</type>
                    <location>test</location>
                </source-folder>
                <source-folder>
                    <label>view</label>
                    <type>doc_root</type>
                    <location>view</location>
                </source-folder>
                <source-folder>
                    <label>WEB-INF</label>
                    <type>web_inf</type>
                    <location>resources/WEB-INF</location>
                </source-folder>
            </folders>
            <ide-actions>
                <action name="build">
                    <target>compile</target>
                </action>
                <action name="clean">
                    <target>clean</target>
                </action>
                <action name="run">
                    <target>deploy</target>
                </action>
                <action name="redeploy">
                    <target>deploy</target>
                </action>
                <action name="rebuild">
                    <target>clean</target>
                    <target>compile</target>
                </action>
                <action name="test">
                    <target>test</target>
                </action>
            </ide-actions>
            <view>
                <items>
                    <source-folder style="tree">
                        <label>Web Pages</label>
                        <location>view</location>
                    </source-folder>
                    <source-folder style="tree">
                        <label>WEB-INF Content</label>
                        <location>resources/WEB-INF</location>
                    </source-folder>
                    <source-folder style="packages">
                        <label>src</label>
                        <location>src</location>
                    </source-folder>
                    <source-folder style="packages">
                        <label>test</label>
                        <location>test</location>
                    </source-folder>
                    <source-file>
                        <location>build.xml</location>
                    </source-file>
                </items>
                <context-menu>
                    <ide-action name="build"/>
                    <ide-action name="rebuild"/>
                    <ide-action name="clean"/>
                    <ide-action name="run"/>
                    <ide-action name="redeploy"/>
                    <ide-action name="test"/>
                </context-menu>
            </view>
            <subprojects/>
        </general-data>
        <java-data xmlns="http://www.netbeans.org/ns/freeform-project-java/2">
            <compilation-unit>
                <package-root>src</package-root>
                <classpath mode="compile">lib:lib/commons-beanutils.jar:lib/ejb-api.jar:lib/jboss-seam-ioc.jar:lib/jboss-seam-ui.jar:lib/jboss-seam.jar:lib/persistence-api.jar</classpath>
                <source-level>1.5</source-level>
            </compilation-unit>
            <compilation-unit>
                <package-root>test</package-root>
                <unit-tests/>
                <classpath mode="compile">lib/testng.jar</classpath>
                <source-level>1.5</source-level>
            </compilation-unit>
        </java-data>
        <web-data xmlns="http://www.netbeans.org/ns/freeform-project-web/2">
            <web-module>
                <doc-root>view</doc-root>
                <classpath/>
                <context-path/>
                <j2ee-spec-level>1.5</j2ee-spec-level>
                <web-inf>resources/WEB-INF</web-inf>
            </web-module>
        </web-data>
    </configuration>
</project>
