<?xml version="1.0" encoding="UTF-8"?>
<components xmlns="http://jboss.com/products/seam/components"
            xmlns:core="http://jboss.com/products/seam/core"
            xmlns:persistence="http://jboss.com/products/seam/persistence"
            xmlns:drools="http://jboss.com/products/seam/drools"
            xmlns:security="http://jboss.com/products/seam/security"
            xmlns:web="http://jboss.com/products/seam/web"
            xmlns:xsi="http://www.w3.org/2001/XMLSchema-instance"
            xsi:schemaLocation=
                "http://jboss.com/products/seam/core http://jboss.com/products/seam/core-2.1.xsd
                 http://jboss.com/products/seam/persistence http://jboss.com/products/seam/persistence-2.1.xsd
                 http://jboss.com/products/seam/drools http://jboss.com/products/seam/drools-2.1.xsd
                 http://jboss.com/products/seam/security http://jboss.com/products/seam/security-2.1.xsd
                 http://jboss.com/products/seam/web http://jboss.com/products/seam/web-2.1.xsd
                 http://jboss.com/products/seam/components http://jboss.com/products/seam/components-2.1.xsd">

   <core:init debug="@debug@" jndi-pattern="@jndiPattern@"/>

   <core:manager concurrent-request-timeout="500"
                 conversation-timeout="120000"
                 conversation-id-parameter="cid"
                 parent-conversation-id-parameter="pid"/>

   <web:hot-deploy-filter url-pattern="*.seam"/>

   <persistence:managed-persistence-context name="entityManager"
                                     auto-create="true"
                      persistence-unit-jndi-name="java:/SeamSecurityEntityManagerFactory"/>

   <drools:rule-base name="securityRules">
      <drools:rule-files>
         <value>/security.drl</value>
      </drools:rule-files>
   </drools:rule-base>

   <security:rule-based-permission-resolver security-rules="#{securityRules}"/>

   <security:identity authenticate-method="#{authenticator.authenticate}" remember-me="true"/>

   <!-- the following is needed if we wish to use the identity manager API -->
   <security:jpa-identity-store user-class="com.davidsalter.seamsecurity.entity.User" role-class="com.davidsalter.seamsecurity.entity.Role" />

   <event type="org.jboss.seam.security.notLoggedIn">
      <action execute="#{redirect.captureCurrentView}"/>
   </event>
   <event type="org.jboss.seam.security.loginSuccessful">
      <action execute="#{redirect.returnToCapturedView}"/>
   </event>

</components>
