<?xml version="1.0" encoding="UTF-8"?>
<project basedir=".." name="vacationplanner-IDE">
    
  <property file="nbproject/debug-jboss.properties"/>

  <target name="debug-nb">
    <nbjpdaconnect name="vacationplanner" host="${jpda.host}" address="${jpda.address}" transport="${jpda.transport}">
      <!--classpath>
        <path path="exploded-archives/vacationplanner.jar"/>
      </classpath>
      <sourcepath>
        <path path="src"/>
      </sourcepath-->
    </nbjpdaconnect>
  </target>
</project>
